country,iso_code,energy_per_capita
Australia,AUS,66879.320
Australia,AUS,66045.680
Australia,AUS,64778.020
Australia,AUS,64726.418
Australia,AUS,65938.531
Australia,AUS,61584.258
Australia,AUS,61230.445
Brazil,BRA,17530.328
Brazil,BRA,16983.990
Brazil,BRA,16988.619
Brazil,BRA,16915.357
Brazil,BRA,17194.145
Brazil,BRA,16401.875
Brazil,BRA,17089.926
Canada,CAN,111824.336
Canada,CAN,109289.445
Canada,CAN,109394.164
Canada,CAN,109464.797
Canada,CAN,107455.625
Canada,CAN,100465.109
Canada,CAN,100431.008
Germany,DEU,46064.484
Germany,DEU,46416.703
Germany,DEU,47525.457
Germany,DEU,46125.492
Germany,DEU,44922.695
Germany,DEU,41838.684
Germany,DEU,42994.242
India,IND,5943.030
India,IND,6148.213
India,IND,6304.287
India,IND,6593.169
India,IND,6682.068
India,IND,6268.437
India,IND,6749.358
Japan,JPN,42138.867
Japan,JPN,41646.914
Japan,JPN,42137.562
Japan,JPN,41899.980
Japan,JPN,41086.219
Japan,JPN,38203.219
Japan,JPN,40020.164
Kenya,KEN,1671.833
Kenya,KEN,1743.277
Kenya,KEN,1727.493
Kenya,KEN,1644.680
Kenya,KEN,1678.614
Kenya,KEN,1565.243
Kenya,KEN,1634.881
Nigeria,NGA,2458.865
Nigeria,NGA,2431.617
Nigeria,NGA,2297.201
Nigeria,NGA,2398.611
Nigeria,NGA,2457.388
Nigeria,NGA,2221.549
Nigeria,NGA,2345.254
United States,USA,78949.203
United States,USA,78155.102
United States,USA,77729.664
United States,USA,79893.953
United States,USA,78683.469
United States,USA,72562.672
United States,USA,76307.383
Vietnam,VNM,8731.432
Vietnam,VNM,9326.302
Vietnam,VNM,9981.674
Vietnam,VNM,11210.952
Vietnam,VNM,12433.123
Vietnam,VNM,12527.920
Vietnam,VNM,12365.529
